"Message",Low,"Build started."
"Message",Low,"Project ""Unnamed_1"" (default targets):"
"Message",Low,"Building with tools version ""4.0""."
"Message",Low,"Target ""PrintILCStartMessage"" in file ""C:\Program Files (x86)\MSBuild\Microsoft\.NetNative\x64\ilc\IlcInternals.targets"" from project ""C:\Users\Kuba\documents\visual studio 2015\Projects\Wp_World\Wp_World\Unnamed_1"" (target ""Build"" depends on it):"
"Message",Low,"Using ""IlcMessageTask"" task from assembly ""C:\Program Files (x86)\MSBuild\Microsoft\.NetNative\x64\ilc\ilc.exe""."
"Message",Low,"Task ""IlcMessageTask"""
"Message",High,"Starting .NET Native compilation"
"Message",Low,"Done executing task ""IlcMessageTask""."
"Message",Low,"Done building target ""PrintILCStartMessage"" in project ""Unnamed_1""."
"Message",Low,"Target ""LogAppContextSwitches"" in file ""C:\Program Files (x86)\MSBuild\Microsoft\.NetNative\x64\ilc\IlcInternals.targets"" from project ""C:\Users\Kuba\documents\visual studio 2015\Projects\Wp_World\Wp_World\Unnamed_1"" (target ""SetMainTargetPaths"" depends on it):"
"Message",Low,"Using ""Message"" task from assembly ""Microsoft.Build.Tasks.v4.0, Version=4.0.0.0, Culture=neutral, PublicKeyToken=b03f5f7f11d50a3a""."
"Message",Low,"Task ""Message"""
"Message",Normal,"AppContextSwitch: ''"
"Message",Low,"Done executing task ""Message""."
"Message",Low,"Done building target ""LogAppContextSwitches"" in project ""Unnamed_1""."
"Message",Low,"Target ""SetMainTargetPaths"" in file ""C:\Program Files (x86)\MSBuild\Microsoft\.NetNative\x64\ilc\IlcInternals.targets"" from project ""C:\Users\Kuba\documents\visual studio 2015\Projects\Wp_World\Wp_World\Unnamed_1"" (target ""CopyNativeExecutablesToOutput"" depends on it):"
"Message",Low,"Done building target ""SetMainTargetPaths"" in project ""Unnamed_1""."
"Message",Low,"Target ""GenerateFakeExe"" skipped, due to false condition; (!Exists('@(InputILTarget)')) was evaluated as (!Exists('C:\Users\Kuba\documents\visual studio 2015\Projects\Wp_World\Wp_World\obj\x64\Debug\ilc\in\Wp_World.exe'))."
"Message",Low,"Target ""InjectCoreLibTypeForwards"" in file ""C:\Program Files (x86)\MSBuild\Microsoft\.NetNative\x64\ilc\IlcInternals.targets"" from project ""C:\Users\Kuba\documents\visual studio 2015\Projects\Wp_World\Wp_World\Unnamed_1"" (target ""RunILTransforms"" depends on it):"
"Message",Low,"Using ""MakeDir"" task from assembly ""Microsoft.Build.Tasks.v4.0, Version=4.0.0.0, Culture=neutral, PublicKeyToken=b03f5f7f11d50a3a""."
"Message",Low,"Task ""MakeDir"""
"Message",Normal,"Creating directory ""C:\Users\Kuba\documents\visual studio 2015\Projects\Wp_World\Wp_World\obj\x64\Debug\ilc\intermediate\TransformedCoreLib\""."
"Message",Low,"Done executing task ""MakeDir""."
"Message",Low,"Using ""ILTransformTask"" task from assembly ""Microsoft.Build.ILTasks""."
"Message",Low,"Task ""ILTransformTask"""
"Message",Normal,"Running 'InjectCoreLibTypeForwards' transform, heap at 10 MB."
"Message",Normal,"Running 'InjectCoreLibIReflectableTypeSupport' transform, heap at 39 MB."
"Message",Normal,"Running 'WriteAssemblies' transform, heap at 39 MB."
"Message",Normal,""
"Message",Normal,"Transform summary"
"Message",Normal,"   ms | heap delta | name"
"Message",Normal,"  2076 |         29 | InjectCoreLibTypeForwards"
"Message",Normal,"  1483 |         20 | WriteAssemblies"
"Message",Normal,"     2 |          0 | InjectCoreLibIReflectableTypeSupport"
"Message",Low,"Done executing task ""ILTransformTask""."
"Message",Low,"Done building target ""InjectCoreLibTypeForwards"" in project ""Unnamed_1""."
"Message",Low,"Target ""InjectCoreLibTypeForwards"" skipped. Previously built successfully."
"Message",Low,"Target ""PreResolveTransforms"" in file ""C:\Program Files (x86)\MSBuild\Microsoft\.NetNative\x64\ilc\IlcInternals.targets"" from project ""C:\Users\Kuba\documents\visual studio 2015\Projects\Wp_World\Wp_World\Unnamed_1"" (target ""RunILTransforms"" depends on it):"
"Message",Low,"Building target ""PreResolveTransforms"" completely."
"Message",Low,"Output file ""C:\Users\Kuba\documents\visual studio 2015\Projects\Wp_World\Wp_World\obj\x64\Debug\ilc\intermediate\PreMergeILTransformed\Wp_World.exe"" does not exist."
"Message",Low,"Task ""MakeDir"""
"Message",Normal,"Creating directory ""C:\Users\Kuba\documents\visual studio 2015\Projects\Wp_World\Wp_World\obj\x64\Debug\ilc\intermediate\PreMergeILTransformed\""."
"Message",Low,"Done executing task ""MakeDir""."
"Message",Low,"Using ""AssemblyClosureTask"" task from assembly ""Microsoft.Build.ILTasks""."
"Message",Low,"Task ""AssemblyClosureTask"""
"Message",Low,"Done executing task ""AssemblyClosureTask""."
"Message",Low,"Task ""ILTransformTask"""
"Message",Normal,"Running 'ResolveSelfReferences' transform, heap at 36 MB."
"Message",Normal,"Could not find symbols for assembly 'C:\Users\Kuba\documents\visual studio 2015\Projects\Wp_World\Wp_World\obj\x64\Debug\ilc\in\HtmlAgilityPack.dll'. Symbols should be placed in the same folder as the assembly."
"Message",Normal,"Could not find symbols for assembly 'C:\Users\Kuba\documents\visual studio 2015\Projects\Wp_World\Wp_World\obj\x64\Debug\ilc\in\Microsoft.ApplicationInsights.dll'. Symbols should be placed in the same folder as the assembly."
"Message",Normal,"Could not find symbols for assembly 'C:\Users\Kuba\documents\visual studio 2015\Projects\Wp_World\Wp_World\obj\x64\Debug\ilc\in\Microsoft.ApplicationInsights.Extensibility.Windows.dll'. Symbols should be placed in the same folder as the assembly."
"Message",Normal,"Could not find symbols for assembly 'C:\Users\Kuba\documents\visual studio 2015\Projects\Wp_World\Wp_World\obj\x64\Debug\ilc\in\Microsoft.ApplicationInsights.PersistenceChannel.dll'. Symbols should be placed in the same folder as the assembly."
"Message",Normal,"Running 'RemoveDuplicateMembers' transform, heap at 54 MB."
"Message",Normal,"Running 'GenericNameValidator' transform, heap at 54 MB."
"Message",Normal,"Running 'PortableLib' transform, heap at 54 MB."
"Message",Normal,"Running 'WriteAssemblies' transform, heap at 60 MB."
"Message",Normal,""
"Message",Normal,"Transform summary"
"Message",Normal,"   ms | heap delta | name"
"Message",Normal,"  1890 |          2 | WriteAssemblies"
"Message",Normal,"   281 |         18 | ResolveSelfReferences"
"Message",Normal,"    82 |          6 | PortableLib"
"Message",Normal,"     0 |          0 | GenericNameValidator"
"Message",Normal,"     0 |          0 | RemoveDuplicateMembers"
"Message",Low,"Done executing task ""ILTransformTask""."
"Message",Low,"Task ""Copy"" skipped, due to false condition; (!Exists('@(IntermediatePreMergeILTransformedExeTarget)') and Exists('@(InputILSymbols)')) was evaluated as (!Exists('C:\Users\Kuba\documents\visual studio 2015\Projects\Wp_World\Wp_World\obj\x64\Debug\ilc\intermediate\PreMergeILTransformed\Wp_World.exe') and Exists('C:\Users\Kuba\documents\visual studio 2015\Projects\Wp_World\Wp_World\obj\x64\Debug\ilc\in\Wp_World.pdb'))."
"Message",Low,"Task ""Copy"" skipped, due to false condition; (!Exists('@(IntermediatePreMergeILTransformedExeTarget)')) was evaluated as (!Exists('C:\Users\Kuba\documents\visual studio 2015\Projects\Wp_World\Wp_World\obj\x64\Debug\ilc\intermediate\PreMergeILTransformed\Wp_World.exe'))."
"Message",Low,"Task ""Copy"" skipped, due to false condition; ('$(HasMcgPatchDlls)'=='true') was evaluated as (''=='true')."
"Message",Low,"Done building target ""PreResolveTransforms"" in project ""Unnamed_1""."
"Message",Low,"Target ""InitInputResourceName"" in file ""C:\Program Files (x86)\MSBuild\Microsoft\.NetNative\x64\ilc\IlcInternals.targets"" from project ""C:\Users\Kuba\documents\visual studio 2015\Projects\Wp_World\Wp_World\Unnamed_1"" (target ""RunILTransforms"" depends on it):"
"Message",Low,"Task ""ResolveFilePathTask"" skipped, due to false condition; ('$(InputPath)' != '' and Exists('$(InputPath)\obj\')) was evaluated as ('C:\Users\Kuba\documents\visual studio 2015\Projects\Wp_World\Wp_World\obj\x64\Debug\ilc\in' != '' and Exists('C:\Users\Kuba\documents\visual studio 2015\Projects\Wp_World\Wp_World\obj\x64\Debug\ilc\in\obj\'))."
"Message",Low,"Using ""ResolveFilePathTask"" task from assembly ""Microsoft.Build.ILTasks""."
"Message",Low,"Task ""ResolveFilePathTask"""
"Message",Low,"Done executing task ""ResolveFilePathTask""."
"Message",Low,"Done building target ""InitInputResourceName"" in project ""Unnamed_1""."
"Message",Low,"Target ""PreResolveTransforms"" skipped. Previously built successfully."
"Message",Low,"Target ""SetForSharedInputs"" skipped, due to false condition; ('$(UseSharedAssemblies)' == 'true') was evaluated as ('false' == 'true')."
"Message",Low,"Target ""SetForBuildSharedAssemblies"" skipped, due to false condition; ('$(BuildSharedAssemblies)' == 'true') was evaluated as ('false' == 'true')."
"Message",Low,"Target ""ResolveInitialReferences"" in file ""C:\Program Files (x86)\MSBuild\Microsoft\.NetNative\x64\ilc\IlcInternals.targets"" from project ""C:\Users\Kuba\documents\visual studio 2015\Projects\Wp_World\Wp_World\Unnamed_1"" (target ""RunILTransforms"" depends on it):"
"Message",Low,"Task ""ResolveFilePathTask"""
"Message",Low,"Done executing task ""ResolveFilePathTask""."
"Message",Low,"Task ""ResolveFilePathTask"""
"Message",Low,"Done executing task ""ResolveFilePathTask""."
"Message",Low,"Task ""IlcErrorTask"" skipped, due to false condition; ('@(UnresolvedManagedDllFilesErrorParameters)'!='') was evaluated as (''!='')."
"Message",Low,"Task ""AssemblyClosureTask"""
"Message",Low,"Done executing task ""AssemblyClosureTask""."
"Message",Low,"Task ""AssemblyClosureTask"""
"Message",Low,"Done executing task ""AssemblyClosureTask""."
"Message",Low,"Using ""RemoveDuplicates"" task from assembly ""Microsoft.Build.Tasks.v4.0, Version=4.0.0.0, Culture=neutral, PublicKeyToken=b03f5f7f11d50a3a""."
"Message",Low,"Task ""RemoveDuplicates"""
"Message",Low,"Done executing task ""RemoveDuplicates""."
"Message",Low,"Done building target ""ResolveInitialReferences"" in project ""Unnamed_1""."
"Message",Low,"Target ""RunILTransforms"" in file ""C:\Program Files (x86)\MSBuild\Microsoft\.NetNative\x64\ilc\IlcInternals.targets"" from project ""C:\Users\Kuba\documents\visual studio 2015\Projects\Wp_World\Wp_World\Unnamed_1"" (target ""GenerateMDILResponseFileSingleFile"" depends on it):"
"Message",Low,"Building target ""RunILTransforms"" completely."
"Message",Low,"Output file ""C:\Users\Kuba\documents\visual studio 2015\Projects\Wp_World\Wp_World\obj\x64\Debug\ilc\intermediate\ILTransformed\Wp_World.ilexe"" does not exist."
"Message",Low,"Task ""IlcMessageTask"""
"Message",High,"Processing application code"
"Message",Low,"Done executing task ""IlcMessageTask""."
"Message",Low,"Using ""ValidateSimpleNamesTask"" task from assembly ""C:\Program Files (x86)\MSBuild\Microsoft\.NetNative\x64\ilc\ilc.exe""."
"Message",Low,"Task ""ValidateSimpleNamesTask"""
"Message",Low,"Done executing task ""ValidateSimpleNamesTask""."
"Message",Low,"Task ""MakeDir"""
"Message",Normal,"Creating directory ""C:\Users\Kuba\documents\visual studio 2015\Projects\Wp_World\Wp_World\obj\x64\Debug\ilc\intermediate\ILTransformed\""."
"Message",Low,"Done executing task ""MakeDir""."
"Message",Low,"Task ""MakeDir"" skipped, due to false condition; ('$(BuildSharedAssemblies)' == 'true' And '$(InternalFeatureSwitch_ILTableOfContents)' == 'true') was evaluated as ('false' == 'true' And 'true' == 'true')."
"Message",Low,"Task ""MakeDir"" skipped, due to false condition; ('$(BuildSharedAssemblies)' == 'true' And '$(InternalFeatureSwitch_ILTableOfContents)' == 'true') was evaluated as ('false' == 'true' And 'true' == 'true')."
"Message",Low,"Task ""IlcErrorTask"" skipped, due to false condition; ('$(PlatformTarget)'=='') was evaluated as ('x64'=='')."
"Message",Low,"Task ""ResolveFilePathTask"""
"Message",Low,"Done executing task ""ResolveFilePathTask""."
"Message",Low,"Task ""IlcErrorTask"" skipped, due to false condition; ('@(UnresolvedMcgSourceContractsReferencesErrorParameters)'!='') was evaluated as (''!='')."
"Message",Low,"Task ""ResolveFilePathTask"""
"Message",Low,"Done executing task ""ResolveFilePathTask""."
"Message",Low,"Task ""IlcErrorTask"" skipped, due to false condition; ('@(UnresolvedMcgSourceFacadeErrorParameters)'!='') was evaluated as (''!='')."
"Message",Low,"Task ""ResolveFilePathTask"""
"Message",Low,"Done executing task ""ResolveFilePathTask""."
"Message",Low,"Task ""ResolveFilePathTask"""
"Message",Low,"Done executing task ""ResolveFilePathTask""."
"Message",Low,"Task ""IlcErrorTask"" skipped, due to false condition; ('@(UnresolvedManagedDllFilesErrorParameters)'!='') was evaluated as (''!='')."
"Message",Low,"Task ""AssemblyClosureTask"""
"Message",Low,"Done executing task ""AssemblyClosureTask""."
"Message",Low,"Task ""ResolveFilePathTask"""
"Message",Low,"Done executing task ""ResolveFilePathTask""."
"Message",Low,"Task ""IlcErrorTask"" skipped, due to false condition; ('@(UnresolvedCoreAssemblyErrorParameters)'!='') was evaluated as (''!='')."
"Message",Low,"Task ""RemoveDuplicates"""
"Message",Low,"Done executing task ""RemoveDuplicates""."
"Message",Low,"Task ""AddToNativePackageTask"" skipped, due to false condition; ('@(NeedsClrCompression)' != '' and '$(BuildSharedAssemblies)' != 'true') was evaluated as ('' != '' and 'false' != 'true')."
"Message",Low,"Task ""MakeDir"""
"Message",Normal,"Creating directory ""C:\Users\Kuba\documents\visual studio 2015\Projects\Wp_World\Wp_World\obj\x64\Debug\ilc\intermediate\SgGenerated""."
"Message",Low,"Done executing task ""MakeDir""."
"Message",Low,"Using ""WriteLinesToFile"" task from assembly ""Microsoft.Build.Tasks.v4.0, Version=4.0.0.0, Culture=neutral, PublicKeyToken=b03f5f7f11d50a3a""."
"Message",Low,"Task ""WriteLinesToFile"""
"Message",Low,"Done executing task ""WriteLinesToFile""."
"Message",Low,"Task ""MakeDir"""
"Message",Normal,"Creating directory ""C:\Users\Kuba\documents\visual studio 2015\Projects\Wp_World\Wp_World\obj\x64\Debug\ilc\intermediate\ResW\""."
"Message",Low,"Done executing task ""MakeDir""."
"Message",Low,"Task ""IlcWarningTask"" skipped, due to false condition; ('$(BuildSharedAssemblies)' != 'true' and '@(ReducerInputFiles)' == '') was evaluated as ('false' != 'true' and 'C:\Users\Kuba\documents\visual studio 2015\Projects\Wp_World\Wp_World\obj\x64\Debug\ilc\in\Properties\Default.rd.xml' == '')."
"Message",Low,"Task ""ILTransformTask"""
"Message",Normal,"Running 'Analysis' transform, heap at 7 MB."
"Message",Low,"Loading 82 modules..."
"Message",Normal,"Imported reflection directives from 13 files:"
"Message",Normal,"C:\Users\Kuba\documents\visual studio 2015\Projects\Wp_World\Wp_World\obj\x64\Debug\ilc\in\Properties\Default.rd.xml"
"Message",Normal,"Embedded manifest in System.Diagnostics.Tracing: Resources.System.Diagnostics.Tracing.rd.xml"
"Message",Normal,"Embedded manifest in System.Private.CoreLib: Resources.System.Private.CoreLib.rd.xml"
"Message",Normal,"Embedded manifest in System.Private.Uri: Resources.System.Private.Uri.rd.xml"
"Message",Normal,"Embedded manifest in System.Private.Reflection: Resources.System.Private.Reflection.rd.xml"
"Message",Normal,"Embedded manifest in System.Private.Reflection.Core: Resources.System.Private.Reflection.Core.rd.xml"
"Message",Normal,"Embedded manifest in System.Private.Interop: Resources.System.Private.Interop.rd.xml"
"Message",Normal,"Embedded manifest in System.Xml.XDocument: System.Xml.Resources.System.Xml.XDocument.rd.xml"
"Message",Normal,"Embedded manifest in System.Xml.ReaderWriter: System.Xml.Resources.System.Xml.ReaderWriter.rd.xml"
"Message",Normal,"Embedded manifest in System.Private.PortableThunks: Resources.System.Private.PortableThunks.rd.xml"
"Message",Normal,"Embedded manifest in System.Dynamic.Runtime: Resources.System.Dynamic.Runtime.rd.xml"
"Message",Normal,"Embedded manifest in System.Linq.Expressions: Resources.System.Linq.Expressions.rd.xml"
"Message",Normal,"Microsoft.ApplicationInsights"
"Message",Normal,"Imported XAML Roots from 1 files:"
"Message",Normal,"C:\Users\Kuba\documents\visual studio 2015\Projects\Wp_World\Wp_World\obj\x64\Debug\ilc\in\Wp_World.xr.xml"
"Message",Normal,"Running 'Mcg' transform, heap at 145 MB."
"Message",High,"Computing application closure and generating interop code"
"Message",Normal,"  List of .lib files:"
"Message",Normal,"      WindowsApp.lib"
"Message",Normal,"  List of .lib search paths:"
"Message",Normal,"      C:\Program Files (x86)\Windows Kits\10\lib\10.0.10240.0\um\x64"
"Message",Normal,"  Loading exports from libs..."
"Message",Normal,"      2382 exports read from 'C:\Program Files (x86)\Windows Kits\10\lib\10.0.10240.0\um\x64\WindowsApp.lib'."
"Message",Normal,"  Loading 82 modules..."
"Message",Normal,"  Generating code..."
"Message",Normal,"      Resolving P/invokes..."
"Message",Normal,"          P/Invoke 'RhWaitForPendingFinalizers' could not be resolved but ExactSpelling specified , defaulting to [MRT]!RhWaitForPendingFinalizers"
"Message",Normal,"          P/Invoke 'RhCompatibleReentrantWaitAny' could not be resolved but ExactSpelling specified , defaulting to [MRT]!RhCompatibleReentrantWaitAny"
"Message",Normal,"          P/Invoke '_ecvt_s' could not be resolved but ExactSpelling specified , defaulting to [MRT]!_ecvt_s"
"Message",Normal,"          P/Invoke 'memmove' could not be resolved but ExactSpelling specified , defaulting to [MRT]!memmove"
"Message",Normal,"          P/Invoke 'GetLastError' resolved to api-ms-win-core-errorhandling-l1-1-1.dll!GetLastError"
"Message",Normal,"          P/Invoke 'SetLastError' resolved to api-ms-win-core-errorhandling-l1-1-1.dll!SetLastError"
"Message",Normal,"          P/Invoke 'GetLastError' resolved to api-ms-win-core-errorhandling-l1-1-1.dll!GetLastError"
"Message",Normal,"          P/Invoke 'NormalizeString' resolved to api-ms-win-core-normalization-l1-1-0.dll!NormalizeString"
"Message",Normal,"          P/Invoke 'RoInitialize' resolved to api-ms-win-core-winrt-l1-1-0.dll!RoInitialize"
"Message",Normal,"          P/Invoke 'GetCurrentThreadId' resolved to api-ms-win-core-processthreads-l1-1-2.dll!GetCurrentThreadId"
"Message",Normal,"          P/Invoke 'GetCurrentProcessId' resolved to api-ms-win-core-processthreads-l1-1-2.dll!GetCurrentProcessId"
"Message",Normal,"          P/Invoke 'EventWriteTransfer' resolved to api-ms-win-eventing-provider-l1-1-0.dll!EventWriteTransfer"
"Message",Normal,"          P/Invoke 'EventSetInformation' resolved to api-ms-win-eventing-provider-l1-1-0.dll!EventSetInformation"
"Message",Normal,"          P/Invoke 'EventRegister' resolved to api-ms-win-eventing-provider-l1-1-0.dll!EventRegister"
"Message",Normal,"          P/Invoke 'EventUnregister' resolved to api-ms-win-eventing-provider-l1-1-0.dll!EventUnregister"
"Message",Normal,"          P/Invoke 'IsValidLocaleName' resolved to api-ms-win-core-localization-l1-2-1.dll!IsValidLocaleName"
"Message",Normal,"          P/Invoke 'ResolveLocaleName' resolved to api-ms-win-core-localization-l1-2-1.dll!ResolveLocaleName"
"Message",Normal,"          P/Invoke 'FormatMessage' resolved to api-ms-win-core-localization-l1-2-1.dll!FormatMessageA"
"Message",Normal,"          P/Invoke 'GetCPInfoExW' resolved to api-ms-win-core-localization-l1-2-1.dll!GetCPInfoExW"
"Message",Normal,"          P/Invoke 'IdnToAscii' resolved to api-ms-win-core-localization-l1-2-1.dll!IdnToAscii"
"Message",Normal,"          P/Invoke 'IdnToUnicode' resolved to api-ms-win-core-localization-l1-2-1.dll!IdnToUnicode"
"Message",Normal,"          P/Invoke 'FindNLSStringEx' resolved to api-ms-win-core-localization-l1-2-1.dll!FindNLSStringEx"
"Message",Normal,"          P/Invoke 'FormatMessageW' resolved to api-ms-win-core-localization-l1-2-1.dll!FormatMessageW"
"Message",Normal,"          P/Invoke 'GetCommandLineW' resolved to api-ms-win-core-processenvironment-l1-2-0.dll!GetCommandLineW"
"Message",Normal,"          P/Invoke 'RaiseFailFastException' resolved to api-ms-win-core-errorhandling-l1-1-3.dll!RaiseFailFastException"
"Message",Normal,"          P/Invoke 'QueryPerformanceFrequency' resolved to api-ms-win-core-profile-l1-1-0.dll!QueryPerformanceFrequency"
"Message",Normal,"          P/Invoke 'QueryPerformanceCounter' resolved to api-ms-win-core-profile-l1-1-0.dll!QueryPerformanceCounter"
"Message",Normal,"          P/Invoke 'CallingConventionConverter_GetStubs' could not be resolved but ExactSpelling specified , defaulting to *!CallingConventionConverter_GetStubs"
"Message",Normal,"          P/Invoke 'ConstrainedCallSupport_GetStubs' could not be resolved but ExactSpelling specified , defaulting to *!ConstrainedCallSupport_GetStubs"
"Message",Normal,"          P/Invoke 'GetNativeSystemInfo' resolved to api-ms-win-core-sysinfo-l1-2-1.dll!GetNativeSystemInfo"
"Message",Normal,"          P/Invoke 'VirtualQuery' resolved to api-ms-win-core-memory-l1-1-2.dll!VirtualQuery"
"Message",Normal,"          P/Invoke 'CompareStringEx' resolved to api-ms-win-core-string-l1-1-0.dll!CompareStringEx"
"Message",Normal,"          P/Invoke 'CompareStringOrdinal' resolved to api-ms-win-core-string-l1-1-0.dll!CompareStringOrdinal"
"Message",Normal,"          P/Invoke 'FindStringOrdinal' resolved to api-ms-win-core-libraryloader-l1-2-0.dll!FindStringOrdinal"
"Message",Normal,"          P/Invoke 'deflateInit2_' resolved to clrcompression.dll!deflateInit2_"
"Message",Normal,"          P/Invoke 'deflateEnd' resolved to clrcompression.dll!deflateEnd"
"Message",Normal,"          P/Invoke 'inflateEnd' resolved to clrcompression.dll!inflateEnd"
"Message",Normal,"          P/Invoke 'deflate' resolved to clrcompression.dll!deflate"
"Message",Normal,"          P/Invoke 'CoCreateInstance' could not be resolved but ExactSpelling specified , defaulting to api-ms-win-core-com-l1-1-0.dll!CoCreateInstance"
"Message",Normal,"          P/Invoke 'QueryUnbiasedInterruptTime' resolved to api-ms-win-core-realtime-l1-1-0.dll!QueryUnbiasedInterruptTime"
"Message",Normal,"          P/Invoke 'SysFreeString' resolved to oleaut32.dll!#6"
"Message",Normal,"          P/Invoke 'GetLongPathNameW' resolved to api-ms-win-core-file-l1-2-1.dll!GetLongPathNameW"
"Message",Normal,"          P/Invoke 'GetLongPathNameW' resolved to api-ms-win-core-file-l1-2-1.dll!GetLongPathNameW"
"Message",Normal,"          P/Invoke 'GetFullPathNameW' resolved to api-ms-win-core-file-l1-2-1.dll!GetFullPathNameW"
"Message",Normal,"          P/Invoke 'GetFullPathNameW' resolved to api-ms-win-core-file-l1-2-1.dll!GetFullPathNameW"
"Message",Normal,"          P/Invoke 'RoGetBufferMarshaler' resolved to api-ms-win-core-winrt-robuffer-l1-1-0.dll!RoGetBufferMarshaler"
"Message",Normal,"  Interop code generated."
"Message",Normal,"  Written code to AssemblyInfo.g.cs"
"Message",Normal,"  Written code to Adapters.g.cs"
"Message",Normal,"  Written code to Data.g.cs"
"Message",Normal,"  Written code to Helpers.g.cs"
"Message",Normal,"  Written code to ImplTypes.g.cs"
"Message",Normal,"  Written code to PInvoke.g.cs"
"Message",Normal,"  Written code to SafeTypes.g.cs"
"Message",Normal,"  Written code to SharedStubs.g.cs"
"Message",Normal,"  Written code to Wp_World.ITFProxy.g.cs"
"Message",Normal,"Running 'CompileMcgSourceAndSerializationAssemblyGenerator' transform, heap at 198 MB."
"Message",High,"Generating serialization code"
"Message",High,"Compiling interop code"
"Message",Low,"Compiling MCG output with arguments:  /debug:""full"" /nowarn:""0436;0618;1668;1685;1701;1702"" /debug+ /nostdlib+ /optimize- /out:""C:\Users\Kuba\documents\visual studio 2015\Projects\Wp_World\Wp_World\obj\x64\Debug\ilc\intermediate\Wp_World.Interop.dll"" /pdb:""C:\Users\Kuba\documents\visual studio 2015\Projects\Wp_World\Wp_World\obj\x64\Debug\ilc\intermediate\Wp_World.Interop.pdb"" /platform:""x64"" /warnaserror+ /unsafe /noconfig /nologo /target:library /define:""DEBUG"" /define:""WIN64"" /define:""AMD64"" /define:""ALIGN_ACCESS"" /define:""MCG_PRE_BUILD"" /r:""C:\Program Files (x86)\MSBuild\Microsoft\.NetNative\x64\ilc\lib\Private\System.Private.Corelib.dll"" /r:""C:\Program Files (x86)\MSBuild\Microsoft\.NetNative\x64\ilc\lib\Private\System.Private.Corelib.InteropServices.dll"" /r:""C:\Program Files (x86)\MSBuild\Microsoft\.NetNative\x64\ilc\lib\Private\System.Private.Interop.dll"" /r:""C:\Users\Kuba\documents\visual studio 2015\Projects\Wp_World\Wp_World\obj\x64\Debug\ilc\in\System.Private.Uri.dll"" /r:""C:\Program Files (x86)\MSBuild\Microsoft\.NetNative\x64\ilc\lib\Private\System.Private.CompilerServices.ICastable.dll"" /r:""C:\Program Files (x86)\MSBuild\Microsoft\.NetNative\x64\ilc\lib\Private\System.Private.Reflection.dll"" /r:""C:\Program Files (x86)\MSBuild\Microsoft\.NetNative\x64\ilc\lib\Private\System.Private.DispatchProxy.dll"" /r:""C:\Users\Kuba\documents\visual studio 2015\Projects\Wp_World\Wp_World\obj\x64\Debug\ilc\in\System.Reflection.DispatchProxy.dll"" /r:""C:\Users\Kuba\documents\visual studio 2015\Projects\Wp_World\Wp_World\obj\x64\Debug\ilc\in\System.Reflection.dll"" /r:""C:\Users\Kuba\documents\visual studio 2015\Projects\Wp_World\Wp_World\obj\x64\Debug\ilc\in\System.Runtime.dll"" /r:""C:\Users\Kuba\documents\visual studio 2015\Projects\Wp_World\Wp_World\obj\x64\Debug\ilc\in\System.Runtime.InteropServices.dll"" /r:""C:\Users\Kuba\documents\visual studio 2015\Projects\Wp_World\Wp_World\obj\x64\Debug\ilc\in\System.Runtime.InteropServices.WindowsRuntime.dll"" /r:""C:\Users\Kuba\documents\visual studio 2015\Projects\Wp_World\Wp_World\obj\x64\Debug\ilc\in\System.Numerics.Vectors.dll"" /r:""C:\Users\Kuba\documents\visual studio 2015\Projects\Wp_World\Wp_World\obj\x64\Debug\ilc\in\System.Threading.dll"" /r:""C:\Users\Kuba\documents\visual studio 2015\Projects\Wp_World\Wp_World\obj\x64\Debug\ilc\in\System.Diagnostics.Debug.dll"" /r:""C:\Users\Kuba\documents\visual studio 2015\Projects\Wp_World\Wp_World\obj\x64\Debug\ilc\in\System.Runtime.Handles.dll"" /r:""C:\Users\Kuba\documents\visual studio 2015\Projects\Wp_World\Wp_World\obj\x64\Debug\ilc\in\System.Dynamic.Runtime.dll"" /r:""C:\Program Files (x86)\MSBuild\Microsoft\.NetNative\x64\ilc\lib\Private\System.Private.CoreLib.Augments.dll"" /r:""C:\Users\Kuba\documents\visual studio 2015\Projects\Wp_World\Wp_World\obj\x64\Debug\ilc\in\System.Runtime.Extensions.dll"" /r:""C:\Users\Kuba\documents\visual studio 2015\Projects\Wp_World\Wp_World\obj\x64\Debug\ilc\in\System.Collections.dll"" /r:""C:\Users\Kuba\documents\visual studio 2015\Projects\Wp_World\Wp_World\obj\x64\Debug\ilc\in\System.ObjectModel.dll"" /r:""C:\Users\Kuba\documents\visual studio 2015\Projects\Wp_World\Wp_World\obj\x64\Debug\ilc\in\System.Runtime.WindowsRuntime.dll"" /r:""C:\Users\Kuba\documents\visual studio 2015\Projects\Wp_World\Wp_World\obj\x64\Debug\ilc\in\System.Runtime.WindowsRuntime.UI.Xaml.dll"" ""C:\Users\Kuba\documents\visual studio 2015\Projects\Wp_World\Wp_World\obj\x64\Debug\ilc\intermediate\Wp_World.ITFProxy.g.cs"" ""C:\Users\Kuba\documents\visual studio 2015\Projects\Wp_World\Wp_World\obj\x64\Debug\ilc\intermediate\Wp_World.Interop\Adapters.g.cs"" ""C:\Users\Kuba\documents\visual studio 2015\Projects\Wp_World\Wp_World\obj\x64\Debug\ilc\intermediate\Wp_World.Interop\AssemblyInfo.g.cs"" ""C:\Users\Kuba\documents\visual studio 2015\Projects\Wp_World\Wp_World\obj\x64\Debug\ilc\intermediate\Wp_World.Interop\Data.g.cs"" ""C:\Users\Kuba\documents\visual studio 2015\Projects\Wp_World\Wp_World\obj\x64\Debug\ilc\intermediate\Wp_World.Interop\Helpers.g.cs"" ""C:\Users\Kuba\documents\visual studio 2015\Projects\Wp_World\Wp_World\obj\x64\Debug\ilc\intermediate\Wp_World.Interop\ImplTypes.g.cs"" ""C:\Users\Kuba\documents\visual studio 2015\Projects\Wp_World\Wp_World\obj\x64\Debug\ilc\intermediate\Wp_World.Interop\PInvoke.g.cs"" ""C:\Users\Kuba\documents\visual studio 2015\Projects\Wp_World\Wp_World\obj\x64\Debug\ilc\intermediate\Wp_World.Interop\SafeTypes.g.cs"" ""C:\Users\Kuba\documents\visual studio 2015\Projects\Wp_World\Wp_World\obj\x64\Debug\ilc\intermediate\Wp_World.Interop\SharedStubs.g.cs"""
"Message",Normal,"Running 'DumpNativeResources' transform, heap at 198 MB."
"Message",Normal,"Running 'ReducedCopyInitialize' transform, heap at 199 MB."
"Message",Normal,"Running 'ReducedCopyEmptyTypes' transform, heap at 223 MB."
"Message",Normal,"Running 'ReducedCopyPopulateTypes' transform, heap at 251 MB."
"Message",Normal,"Running 'ReducedCopyLateMetadata' transform, heap at 195 MB."
"Message",Normal,"Running 'ReducedCopyMethodBodies' transform, heap at 227 MB."
"Message",Normal,"Running 'ReducedCopyComplete' transform, heap at 286 MB."
"Message",Normal,"Running 'ReducedCopyCleanup' transform, heap at 242 MB."
"Message",Normal,"Running 'ComImportDetector' transform, heap at 243 MB."
"Message",Normal,"Running 'McgAccessor' transform, heap at 243 MB."
"Message",Normal,"Running 'McgRedirect' transform, heap at 245 MB."
"Message",Normal,"Running 'McgRedirect' transform, heap at 248 MB."
"Message",Normal,"Running 'McgTypeOf' transform, heap at 249 MB."
"Message",Normal,"Running 'EventSource' transform, heap at 257 MB."
"Message",Normal,"Running 'ValueType' transform, heap at 259 MB."
"Message",Normal,"Running 'Attribute' transform, heap at 260 MB."
"Message",Normal,"Running 'GetType' transform, heap at 262 MB."
"Message",Normal,"Running 'McgFixups' transform, heap at 263 MB."
"Message",Normal,"Running 'ResourceManagerCtor' transform, heap at 265 MB."
"Message",Normal,"Running 'ResourceExtractor' transform, heap at 266 MB."
"Message",Normal,"Running 'TypeofTypeHandle' transform, heap at 271 MB."
"Message",Normal,"Running 'DispatchProxyIntrinsics' transform, heap at 279 MB."
"Message",Normal,"Running 'StaticInitData' transform, heap at 280 MB."
"Message",Normal,"Running 'StartupCodeInjector' transform, heap at 305 MB."
"Message",Normal,"Running 'InjectAppContextSwitches' transform, heap at 306 MB."
"Message",Normal,"Running 'ImplementLibraryDynamicInvokeHelpers' transform, heap at 306 MB."
"Message",Normal,"Running 'Delegate' transform, heap at 306 MB."
"Message",Normal,"Running 'DelegateCtorCall' transform, heap at 323 MB."
"Message",Normal,"Running 'LazyGenerics' transform, heap at 324 MB."
"Message",Normal,"Running 'AddReflectionBlockedAttributes' transform, heap at 360 MB."
"Message",Normal,"Running 'DisableOptimization' transform, heap at 273 MB."
"Message",Normal,"Running 'CreateMetadata' transform, heap at 273 MB."
"Message",Normal,"Running 'SynchronizedMethod' transform, heap at 314 MB."
"Message",Normal,"Running 'ReflectionInvoke' transform, heap at 314 MB."
"Message",Normal,"Running 'ScrubOpenCalls' transform, heap at 315 MB."
"Message",Normal,"Running 'Calli' transform, heap at 316 MB."
"Message",Normal,"Running 'ConvertCatchIntoFilter' transform, heap at 327 MB."
"Message",Normal,"Running 'ReflectionMappingInfoEmit' transform, heap at 327 MB."
"Message",Normal,"Running 'ConvertManagedWinMD' transform, heap at 330 MB."
"Message",Normal,"Running 'Reducer' transform, heap at 330 MB."
"Message",High,"Cleaning up unreferenced code"
"Message",Normal,"Running 'WriteAssemblies' transform, heap at 343 MB."
"Message",Normal,""
"Message",Normal,"Transform summary"
"Message",Normal,"   ms | heap delta | name"
"Message",Normal," 13387 |        138 | Analysis"
"Message",Normal,"  5905 |          0 | CompileMcgSourceAndSerializationAssemblyGenerator"
"Message",Normal,"  2925 |         37 | WriteAssemblies"
"Message",Normal,"  2754 |         13 | Reducer"
"Message",Normal,"  1348 |         53 | Mcg"
"Message",Normal,"  1263 |        -56 | ReducedCopyPopulateTypes"
"Message",Normal,"   822 |        -44 | ReducedCopyComplete"
"Message",Normal,"   632 |         41 | CreateMetadata"
"Message",Normal,"   488 |         59 | ReducedCopyMethodBodies"
"Message",Normal,"   343 |         36 | LazyGenerics"
"Message",Normal,"   302 |         24 | ReducedCopyInitialize"
"Message",Normal,"   293 |         32 | ReducedCopyLateMetadata"
"Message",Normal,"   270 |         28 | ReducedCopyEmptyTypes"
"Message",Normal,"   200 |        -87 | AddReflectionBlockedAttributes"
"Message",Normal,"   196 |          8 | McgTypeOf"
"Message",Normal,"   194 |          8 | TypeofTypeHandle"
"Message",Normal,"   175 |          3 | McgRedirect"
"Message",Normal,"   164 |         25 | StaticInitData"
"Message",Normal,"   142 |          1 | McgRedirect"
"Message",Normal,"   141 |         11 | Calli"
"Message",Normal,"   102 |          1 | DelegateCtorCall"
"Message",Normal,"    84 |          5 | ResourceExtractor"
"Message",Normal,"    76 |         17 | Delegate"
"Message",Normal,"    45 |          2 | McgFixups"
"Message",Normal,"    36 |          1 | StartupCodeInjector"
"Message",Normal,"    34 |          0 | SynchronizedMethod"
"Message",Normal,"    29 |          1 | GetType"
"Message",Normal,"    20 |          1 | ScrubOpenCalls"
"Message",Normal,"    19 |          2 | McgAccessor"
"Message",Normal,"    17 |          2 | EventSource"
"Message",Normal,"    17 |          1 | DispatchProxyIntrinsics"
"Message",Normal,"    14 |          1 | ValueType"
"Message",Normal,"    10 |          0 | ConvertCatchIntoFilter"
"Message",Normal,"     8 |          3 | ReflectionMappingInfoEmit"
"Message",Normal,"     7 |          1 | ReflectionInvoke"
"Message",Normal,"     6 |          2 | Attribute"
"Message",Normal,"     4 |          1 | DumpNativeResources"
"Message",Normal,"     1 |          1 | ResourceManagerCtor"
"Message",Normal,"     0 |          0 | ConvertManagedWinMD"
"Message",Normal,"     0 |          1 | ReducedCopyCleanup"
"Message",Normal,"     0 |          0 | DisableOptimization"
"Message",Normal,"     0 |          0 | InjectAppContextSwitches"
"Message",Normal,"     0 |          0 | ImplementLibraryDynamicInvokeHelpers"
"Message",Normal,"     0 |          0 | ComImportDetector"
"Message",Low,"Done executing task ""ILTransformTask""."
"Message",Low,"Task ""WriteLinesToFile"" skipped, due to false condition; ('$(BuildSharedAssemblies)' == 'true') was evaluated as ('false' == 'true')."
"Message",Low,"Done building target ""RunILTransforms"" in project ""Unnamed_1""."
"Message",Low,"Target ""CheckSharedAssemblyClosure"" skipped, due to false condition; ('$(BuildSharedAssemblies)' == 'true') was evaluated as ('false' == 'true')."
"Message",Low,"Target ""MergePgoCounts"" skipped, due to false condition; ('$(Pgu)'=='true' and '$(MultiPhasePgd)'!='true') was evaluated as ('false'=='true' and 'false'!='true')."
"Message",Low,"Target ""GenerateMDILResponseFileSingleFile"" in file ""C:\Program Files (x86)\MSBuild\Microsoft\.NetNative\x64\ilc\IlcInternals.targets"" from project ""C:\Users\Kuba\documents\visual studio 2015\Projects\Wp_World\Wp_World\Unnamed_1"" (target ""GenerateMDILSingleFile"" depends on it):"
"Message",Low,"Building target ""GenerateMDILResponseFileSingleFile"" completely."
"Message",Low,"Output file ""C:\Users\Kuba\documents\visual studio 2015\Projects\Wp_World\Wp_World\obj\x64\Debug\ilc\intermediate\nutcargs.rsp"" does not exist."
"Message",Low,"Task ""IlcMessageTask"""
"Message",High,"Generating native code"
"Message",Low,"Done executing task ""IlcMessageTask""."
"Message",Low,"Task ""MakeDir"""
"Message",Normal,"Creating directory ""C:\Users\Kuba\documents\visual studio 2015\Projects\Wp_World\Wp_World\obj\x64\Debug\ilc\intermediate\MDIL\""."
"Message",Low,"Done executing task ""MakeDir""."
"Message",Low,"Task ""WriteLinesToFile"""
"Message",Low,"Done executing task ""WriteLinesToFile""."
"Message",Low,"Done building target ""GenerateMDILResponseFileSingleFile"" in project ""Unnamed_1""."
"Message",Low,"Target ""GenerateMDILSingleFile"" in file ""C:\Program Files (x86)\MSBuild\Microsoft\.NetNative\x64\ilc\IlcInternals.targets"" from project ""C:\Users\Kuba\documents\visual studio 2015\Projects\Wp_World\Wp_World\Unnamed_1"" (target ""GenerateMDIL"" depends on it):"
"Message",Low,"Building target ""GenerateMDILSingleFile"" completely."
"Message",Low,"Output file ""C:\Users\Kuba\documents\visual studio 2015\Projects\Wp_World\Wp_World\obj\x64\Debug\ilc\intermediate\MDIL\Wp_World.mdilexe"" does not exist."
"Message",Low,"Using ""StartProcessTask"" task from assembly ""Microsoft.Build.ILTasks""."
"Message",Low,"Task ""StartProcessTask"""
"Message",Normal,"Launching 'C:\Program Files (x86)\MSBuild\Microsoft\.NetNative\x64\ilc\Tools\nutc_driver.exe @""C:\Users\Kuba\documents\visual studio 2015\Projects\Wp_World\Wp_World\obj\x64\Debug\ilc\intermediate\nutcargs.rsp""'"
"Message",Low,"Microsoft (R) MDIL Compiler - Version 1.0.23309.00"
"Message",Low,"Copyright (c) Microsoft Corporation.  All rights reserved."
"Message",Low,"Scanning input types"
"Message",Low,"Eager code generation"
"Message",Low,"Compiling 25906 methods."
"Message",Low,"Deferred code generation"
"Message",Low,"Compiling 4319 methods."
"Message",Low,"Compiling 2873 methods."
"Message",Low,"Compiling 1509 methods."
"Message",Low,"Compiling 575 methods."
"Message",Low,"Compiling 265 methods."
"Message",Low,"Compiling 216 methods."
"Message",Low,"Compiling 115 methods."
"Message",Low,"Compiling 159 methods."
"Message",Low,"Compiling 51 methods."
"Message",Low,"Compiling 34 methods."
"Message",Low,"Compiling 4 methods."
"Message",Low,"Successfully generated 'C:\Users\Kuba\documents\visual studio 2015\Projects\Wp_World\Wp_World\obj\x64\Debug\ilc\intermediate\MDIL\Wp_World.mdilexe'"
"Message",Low,"Successfully generated 'C:\Users\Kuba\documents\visual studio 2015\Projects\Wp_World\Wp_World\obj\x64\Debug\ilc\intermediate\MDIL\Wp_World.mdilpdb'"
"Message",Normal,"'C:\Program Files (x86)\MSBuild\Microsoft\.NetNative\x64\ilc\Tools\nutc_driver.exe @""C:\Users\Kuba\documents\visual studio 2015\Projects\Wp_World\Wp_World\obj\x64\Debug\ilc\intermediate\nutcargs.rsp""' completed."
"Message",Normal,"Process execution statistics (all times in milliseconds)"
"Message",Normal,"-----------------------------------------------------------------------------"
"Message",Normal,"launch  |  start   |   stop   |   end    | duration | lifetime | [slot] name"
"Message",Normal,"-----------------------------------------------------------------------------"
"Message",Normal,"       0 |        0 |     9968 |     9968 |     9968 |     9968 | [0] Nutc SingleFile"
"Message",Normal,"Number of commands:      1"
"Message",Normal,"Total system time:       9968 ms"
"Message",Normal,"System time per command: 9968 ms"
"Message",Normal,"Total duration:          9968 ms"
"Message",Normal,"Total lifetime:          9968 ms"
"Message",Normal,"Requested DOP:           4"
"Message",Normal,"Duration DOP:            1.0"
"Message",Normal,"Lifetime DOP:            1.0"
"Message",Low,"Done executing task ""StartProcessTask""."
"Message",Low,"Done building target ""GenerateMDILSingleFile"" in project ""Unnamed_1""."
"Message",Low,"Target ""GenerateMDIL"" in file ""C:\Program Files (x86)\MSBuild\Microsoft\.NetNative\x64\ilc\IlcInternals.targets"" from project ""C:\Users\Kuba\documents\visual studio 2015\Projects\Wp_World\Wp_World\Unnamed_1"" (target ""MDILBindPrepare"" depends on it):"
"Message",Normal,"Skipping target ""GenerateMDIL"" because all output files are up-to-date with respect to the input files."
"Message",Low,"Input files: C:\Users\Kuba\documents\visual studio 2015\Projects\Wp_World\Wp_World\obj\x64\Debug\ilc\intermediate\nutcargs.rsp"
"Message",Low,"Output files: C:\Users\Kuba\documents\visual studio 2015\Projects\Wp_World\Wp_World\obj\x64\Debug\ilc\intermediate\MDIL\Wp_World.mdilexe;C:\Users\Kuba\documents\visual studio 2015\Projects\Wp_World\Wp_World\obj\x64\Debug\ilc\intermediate\MDIL\Wp_World.mdilpdb"
"Message",Low,"Done building target ""GenerateMDIL"" in project ""Unnamed_1""."
"Message",Low,"Target ""GenerateBuildInfo"" in file ""C:\Program Files (x86)\MSBuild\Microsoft\.NetNative\x64\ilc\IlcInternals.targets"" from project ""C:\Users\Kuba\documents\visual studio 2015\Projects\Wp_World\Wp_World\Unnamed_1"" (target ""MDILBindPrepare"" depends on it):"
"Message",Low,"Building target ""GenerateBuildInfo"" completely."
"Message",Low,"Output file ""C:\Users\Kuba\documents\visual studio 2015\Projects\Wp_World\Wp_World\obj\x64\Debug\ilc\intermediate\Native.res"" does not exist."
"Message",Low,"Task ""StartProcessTask"""
"Message",Normal,"Launching 'C:\Program Files (x86)\Windows Kits\10\bin\x86\rc.exe /c 65001 /r /fo ""C:\Users\Kuba\documents\visual studio 2015\Projects\Wp_World\Wp_World\obj\x64\Debug\ilc\intermediate\BuildInfo\BuildInfo.res"" ""C:\Users\Kuba\documents\visual studio 2015\Projects\Wp_World\Wp_World\obj\x64\Debug\ilc\intermediate\BuildInfo\BuildInfo.rc""'"
"Message",Low,"Microsoft (R) Windows (R) Resource Compiler Version 10.0.10011.16384"
"Message",Low,"Copyright (C) Microsoft Corporation.  All rights reserved."
"Message",Normal,"'C:\Program Files (x86)\Windows Kits\10\bin\x86\rc.exe /c 65001 /r /fo ""C:\Users\Kuba\documents\visual studio 2015\Projects\Wp_World\Wp_World\obj\x64\Debug\ilc\intermediate\BuildInfo\BuildInfo.res"" ""C:\Users\Kuba\documents\visual studio 2015\Projects\Wp_World\Wp_World\obj\x64\Debug\ilc\intermediate\BuildInfo\BuildInfo.rc""' completed."
"Message",Normal,"Process execution statistics (all times in milliseconds)"
"Message",Normal,"-----------------------------------------------------------------------------"
"Message",Normal,"launch  |  start   |   stop   |   end    | duration | lifetime | [slot] name"
"Message",Normal,"-----------------------------------------------------------------------------"
"Message",Normal,"       0 |        0 |       16 |       16 |       16 |       16 | [0] RC"
"Message",Normal,"Number of commands:      1"
"Message",Normal,"Total system time:       16 ms"
"Message",Normal,"System time per command: 16 ms"
"Message",Normal,"Total duration:          16 ms"
"Message",Normal,"Total lifetime:          16 ms"
"Message",Normal,"Requested DOP:           4"
"Message",Normal,"Duration DOP:            1.0"
"Message",Normal,"Lifetime DOP:            1.0"
"Message",Low,"Done executing task ""StartProcessTask""."
"Message",Low,"Using ""BinaryConcatenateTask"" task from assembly ""Microsoft.Build.ILTasks""."
"Message",Low,"Task ""BinaryConcatenateTask"""
"Message",Normal,"Concatenating into 'C:\Users\Kuba\documents\visual studio 2015\Projects\Wp_World\Wp_World\obj\x64\Debug\ilc\intermediate\Native.res' with alignment '4'."
"Message",Normal," Added 'C:\Users\Kuba\documents\visual studio 2015\Projects\Wp_World\Wp_World\obj\x64\Debug\ilc\intermediate\ILTransformed\Wp_World.res' at offset 0."
"Message",Normal," Added 'C:\Users\Kuba\documents\visual studio 2015\Projects\Wp_World\Wp_World\obj\x64\Debug\ilc\intermediate\BuildInfo\BuildInfo.res' at offset 1384."
"Message",Low,"Done executing task ""BinaryConcatenateTask""."
"Message",Low,"Done building target ""GenerateBuildInfo"" in project ""Unnamed_1""."
"Message",Low,"Target ""MDILBindPrepare"" in file ""C:\Program Files (x86)\MSBuild\Microsoft\.NetNative\x64\ilc\IlcInternals.targets"" from project ""C:\Users\Kuba\documents\visual studio 2015\Projects\Wp_World\Wp_World\Unnamed_1"" (target ""MDILBindCreateResponseFiles"" depends on it):"
"Message",Low,"Task ""MakeDir"""
"Message",Normal,"Creating directory ""C:\Users\Kuba\documents\visual studio 2015\Projects\Wp_World\Wp_World\obj\x64\Debug\ilc\intermediate\Native\""."
"Message",Low,"Done executing task ""MakeDir""."
"Message",Low,"Task ""StartProcessTask"" skipped, due to false condition; ('$(Pgi)'=='true') was evaluated as ('false'=='true')."
"Message",Low,"Done building target ""MDILBindPrepare"" in project ""Unnamed_1""."
"Message",Low,"Target ""MDILBindCreateResponseFiles"" in file ""C:\Program Files (x86)\MSBuild\Microsoft\.NetNative\x64\ilc\IlcInternals.targets"" from project ""C:\Users\Kuba\documents\visual studio 2015\Projects\Wp_World\Wp_World\Unnamed_1"" (target ""MDILBind"" depends on it):"
"Message",Low,"Building target ""MDILBindCreateResponseFiles"" completely."
"Message",Low,"Output file ""C:\Users\Kuba\documents\visual studio 2015\Projects\Wp_World\Wp_World\obj\x64\Debug\ilc\intermediate\rhbindargs.Wp_World.rsp"" does not exist."
"Message",Low,"Task ""WriteLinesToFile"""
"Message",Low,"Done executing task ""WriteLinesToFile""."
"Message",Low,"Done building target ""MDILBindCreateResponseFiles"" in project ""Unnamed_1""."
"Message",Low,"Target ""MDILBind"" in file ""C:\Program Files (x86)\MSBuild\Microsoft\.NetNative\x64\ilc\IlcInternals.targets"" from project ""C:\Users\Kuba\documents\visual studio 2015\Projects\Wp_World\Wp_World\Unnamed_1"" (target ""CopyNativeExecutablesToOutput"" depends on it):"
"Message",Low,"Building target ""MDILBind"" completely."
"Message",Low,"Output file ""C:\Users\Kuba\documents\visual studio 2015\Projects\Wp_World\Wp_World\obj\x64\Debug\ilc\intermediate\Native\Wp_World.exe"" does not exist."
"Message",Low,"Task ""IlcMessageTask"""
"Message",High,"Generating fixups for native code"
"Message",Low,"Done executing task ""IlcMessageTask""."
"Message",Low,"Task ""StartProcessTask"""
"Message",Normal,"Launching 'C:\Program Files (x86)\MSBuild\Microsoft\.NetNative\x64\ilc\Tools\rhbind.exe @""C:\Users\Kuba\documents\visual studio 2015\Projects\Wp_World\Wp_World\obj\x64\Debug\ilc\intermediate\rhbindargs.Wp_World.rsp""'"
"Message",Low,"OS VERSION: major: 6  minor: 2"
"Message",Low,"MDIL: C:\Users\Kuba\documents\visual studio 2015\Projects\Wp_World\Wp_World\obj\x64\Debug\ilc\intermediate\MDIL\Wp_World.mdilexe"
"Message",Low,"MDILPDB: C:\Users\Kuba\documents\visual studio 2015\Projects\Wp_World\Wp_World\obj\x64\Debug\ilc\intermediate\MDIL\Wp_World.mdilpdb"
"Message",Low,"IL: C:\Users\Kuba\documents\visual studio 2015\Projects\Wp_World\Wp_World\obj\x64\Debug\ilc\intermediate\MDIL\Wp_World.ilexe"
"Message",Low,"NI: C:\Users\Kuba\documents\visual studio 2015\Projects\Wp_World\Wp_World\obj\x64\Debug\ilc\intermediate\Native\Wp_World.dll"
"Message",Low,"SHIM: C:\Users\Kuba\documents\visual studio 2015\Projects\Wp_World\Wp_World\obj\x64\Debug\ilc\intermediate\Native\Wp_World.exe"
"Message",Low,"REDHAWK_RUNTIME_DLL_NAME_A=mrt100_app.dll"
"Message",Low,"pdb: C:\Users\Kuba\documents\visual studio 2015\Projects\Wp_World\Wp_World\obj\x64\Debug\ilc\intermediate\Native\Wp_World.pdb"
"Message",Low,"Produced C:\Users\Kuba\documents\visual studio 2015\Projects\Wp_World\Wp_World\obj\x64\Debug\ilc\intermediate\Native\Wp_World.dll in 3.445 seconds"
"Message",Normal,"'C:\Program Files (x86)\MSBuild\Microsoft\.NetNative\x64\ilc\Tools\rhbind.exe @""C:\Users\Kuba\documents\visual studio 2015\Projects\Wp_World\Wp_World\obj\x64\Debug\ilc\intermediate\rhbindargs.Wp_World.rsp""' completed."
"Message",Normal,"Process execution statistics (all times in milliseconds)"
"Message",Normal,"-----------------------------------------------------------------------------"
"Message",Normal,"launch  |  start   |   stop   |   end    | duration | lifetime | [slot] name"
"Message",Normal,"-----------------------------------------------------------------------------"
"Message",Normal,"       0 |       15 |     3468 |     3468 |     3453 |     3468 | [0] rhbind Wp_World"
"Message",Normal,"Number of commands:      1"
"Message",Normal,"Total system time:       3468 ms"
"Message",Normal,"System time per command: 3468 ms"
"Message",Normal,"Total duration:          3453 ms"
"Message",Normal,"Total lifetime:          3468 ms"
"Message",Normal,"Requested DOP:           4"
"Message",Normal,"Duration DOP:            1.0"
"Message",Normal,"Lifetime DOP:            1.0"
"Message",Low,"Done executing task ""StartProcessTask""."
"Message",Low,"Task ""Move"" skipped, due to false condition; ('$(PdbPath)'!='') was evaluated as (''!='')."
"Message",Low,"Done building target ""MDILBind"" in project ""Unnamed_1""."
"Message",Low,"Target ""CopyNativeExecutablesToOutput"" in file ""C:\Program Files (x86)\MSBuild\Microsoft\.NetNative\x64\ilc\IlcInternals.targets"" from project ""C:\Users\Kuba\documents\visual studio 2015\Projects\Wp_World\Wp_World\Unnamed_1"" (target ""Build"" depends on it):"
"Message",Low,"Using ""AddToNativePackageTask"" task from assembly ""C:\Program Files (x86)\MSBuild\Microsoft\.NetNative\x64\ilc\ilc.exe""."
"Message",Low,"Task ""AddToNativePackageTask"""
"Message",Low,"Done executing task ""AddToNativePackageTask""."
"Message",Low,"Task ""AddToNativePackageTask"""
"Message",Low,"Done executing task ""AddToNativePackageTask""."
"Message",Low,"Task ""AddToNativePackageTask"" skipped, due to false condition; ('$(BuildSharedAssemblies)' != 'true' and '$(AllowAppLocalMrt)' == 'true') was evaluated as ('false' != 'true' and 'false' == 'true')."
"Message",Low,"Task ""AddToNativePackageTask"" skipped, due to false condition; ('$(BuildSharedAssemblies)' == 'true') was evaluated as ('false' == 'true')."
"Message",Low,"Task ""AddToNativePackageTask"" skipped, due to false condition; ('$(BuildSharedAssemblies)' == 'true') was evaluated as ('false' == 'true')."
"Message",Low,"Task ""AddToNativePackageTask"" skipped, due to false condition; ('$(BuildSharedAssemblies)' == 'true') was evaluated as ('false' == 'true')."
"Message",Low,"Task ""AddToNativePackageTask"" skipped, due to false condition; ('$(BuildSharedAssemblies)' == 'true' And '$(InternalFeatureSwitch_ILTableOfContents)' == 'true') was evaluated as ('false' == 'true' And 'true' == 'true')."
"Message",Low,"Task ""AddToNativePackageTask"" skipped, due to false condition; ('$(BuildSharedAssemblies)' == 'true' And '$(InternalFeatureSwitch_ILTableOfContents)' == 'true') was evaluated as ('false' == 'true' And 'true' == 'true')."
"Message",Low,"Task ""AddToNativePackageTask"" skipped, due to false condition; ('$(BuildSharedAssemblies)' == 'true' And '$(InternalFeatureSwitch_ILTableOfContents)' == 'true') was evaluated as ('false' == 'true' And 'true' == 'true')."
"Message",Low,"Task ""AddToNativePackageTask"" skipped, due to false condition; ('$(BuildSharedAssemblies)' == 'true' And '$(InternalFeatureSwitch_ILTableOfContents)' == 'true') was evaluated as ('false' == 'true' And 'true' == 'true')."
"Message",Low,"Task ""AddToNativePackageTask"" skipped, due to false condition; ('$(BuildSharedAssemblies)' == 'true') was evaluated as ('false' == 'true')."
"Message",Low,"Task ""AddToNativePackageTask"" skipped, due to false condition; ('$(BuildSharedAssemblies)' == 'true') was evaluated as ('false' == 'true')."
"Message",Low,"Task ""AddToNativePackageTask"" skipped, due to false condition; ('$(BuildSharedAssemblies)' == 'true') was evaluated as ('false' == 'true')."
"Message",Low,"Task ""AddToNativePackageTask"" skipped, due to false condition; ('$(Pgi)'=='true') was evaluated as ('false'=='true')."
"Message",Low,"Task ""AddToNativePackageTask"" skipped, due to false condition; ('$(BuildSharedAssemblies)' == 'true') was evaluated as ('false' == 'true')."
"Message",Low,"Task ""AddToNativePackageTask"" skipped, due to false condition; ('$(BuildSharedAssemblies)' == 'true' And '$(InternalFeatureSwitch_ILTableOfContents)' == 'true') was evaluated as ('false' == 'true' And 'true' == 'true')."
"Message",Low,"Task ""AddToNativePackageTask"" skipped, due to false condition; ('$(BuildSharedAssemblies)'=='true' and '@(SharedFrameworkReswFiles)' != '' And '$(InternalFeatureSwitch_ILTableOfContents)' == 'true') was evaluated as ('false'=='true' and '' != '' And 'true' == 'true')."
"Message",Low,"Task ""AddToNativePackageTask"" skipped, due to false condition; ('$(UseFrameworkPackage)' != 'true' and '@(InputSharedLibrariesToCopy)' != '') was evaluated as ('False' != 'true' and '' != '')."
"Message",Low,"Done building target ""CopyNativeExecutablesToOutput"" in project ""Unnamed_1""."
"Message",Low,"Target ""CopyExtractedResourcesToOutput"" skipped, due to false condition; (Exists('$(IntermediateResourcesPath)')) was evaluated as (Exists('C:\Users\Kuba\documents\visual studio 2015\Projects\Wp_World\Wp_World\obj\x64\Debug\ilc\intermediate\Resources\'))."
"Message",Low,"Target ""TransformAppxManifestAndAddCrt"" in file ""C:\Program Files (x86)\MSBuild\Microsoft\.NetNative\x64\ilc\IlcInternals.targets"" from project ""C:\Users\Kuba\documents\visual studio 2015\Projects\Wp_World\Wp_World\Unnamed_1"" (target ""Build"" depends on it):"
"Message",Low,"Using ""TransformAppxManifestTask"" task from assembly ""C:\Program Files (x86)\MSBuild\Microsoft\.NetNative\x64\ilc\ilc.exe""."
"Message",Low,"Task ""TransformAppxManifestTask"""
"Message",Low,"Done executing task ""TransformAppxManifestTask""."
"Message",Low,"Task ""AddToNativePackageTask"""
"Message",Low,"Done executing task ""AddToNativePackageTask""."
"Message",Low,"Task ""AddToNativePackageTask"" skipped, due to false condition; ($(AddCrt)) was evaluated as (false)."
"Message",Low,"Task ""AddToNativePackageTask"" skipped, due to false condition; ($(AddWin8Adapters)) was evaluated as (false)."
"Message",Low,"Task ""AddToNativePackageTask"" skipped, due to false condition; ($(AddWin8Adapters)) was evaluated as (false)."
"Message",Low,"Task ""AddToNativePackageTask"" skipped, due to false condition; ($(AddWin8Adapters)) was evaluated as (false)."
"Message",Low,"Task ""AddToNativePackageTask"" skipped, due to false condition; ($(AddWin8Adapters)) was evaluated as (false)."
"Message",Low,"Task ""AddToNativePackageTask"" skipped, due to false condition; ($(AddWin8Adapters)) was evaluated as (false)."
"Message",Low,"Task ""AddToNativePackageTask"" skipped, due to false condition; ($(AddWin8Adapters)) was evaluated as (false)."
"Message",Low,"Task ""AddToNativePackageTask"" skipped, due to false condition; ($(AddWin8Adapters)) was evaluated as (false)."
"Message",Low,"Done building target ""TransformAppxManifestAndAddCrt"" in project ""Unnamed_1""."
"Message",Low,"Target ""MergeFrameworkReswFilesWithTheAppPriFile"" in file ""C:\Program Files (x86)\MSBuild\Microsoft\.NetNative\x64\ilc\IlcInternals.targets"" from project ""C:\Users\Kuba\documents\visual studio 2015\Projects\Wp_World\Wp_World\Unnamed_1"" (target ""Build"" depends on it):"
"Message",Low,"Task ""IlcErrorTask"" skipped, due to false condition; ('$(MakePriPath)' == '') was evaluated as ('C:\Program Files (x86)\Windows Kits\10\bin\x64\MakePri.exe' == '')."
"Message",Low,"Task ""Copy"" skipped, due to false condition; ('@(InputSharedReswFiles)' != '') was evaluated as ('' != '')."
"Message",Low,"Task ""StartProcessTask"""
"Message",Normal,"Launching 'C:\Program Files (x86)\Windows Kits\10\bin\x64\MakePri.exe dump /if ""C:\Users\Kuba\documents\visual studio 2015\Projects\Wp_World\Wp_World\obj\x64\Debug\ilc\in\resources.pri"" /of ""C:\Users\Kuba\documents\visual studio 2015\Projects\Wp_World\Wp_World\obj\x64\Debug\ilc\intermediate\OriginalPriDumpFile.xml"" /dt Detailed /o'"
"Message",Low,"O u t p u t   F i l e   a t   C : \ U s e r s \ K u b a \ d o c u m e n t s \ v i s u a l   s t u d i o   2 0 1 5 \ P r o j e c t s \ W p _ W o r l d \ W p _ W o r l d \ o b j \ x 6 4 \ D e b u g \ i l c \ i n t e r m e d i a t e \ O r i g i n a l P r i D u m p F i l e . x m l "
"Message",Low," "
"Message",Low," S u c c e s s f u l l y   C o m p l e t e d "
"Message",Low," "
"Message",Low," "
"Message",Normal,"'C:\Program Files (x86)\Windows Kits\10\bin\x64\MakePri.exe dump /if ""C:\Users\Kuba\documents\visual studio 2015\Projects\Wp_World\Wp_World\obj\x64\Debug\ilc\in\resources.pri"" /of ""C:\Users\Kuba\documents\visual studio 2015\Projects\Wp_World\Wp_World\obj\x64\Debug\ilc\intermediate\OriginalPriDumpFile.xml"" /dt Detailed /o' completed."
"Message",Normal,"Process execution statistics (all times in milliseconds)"
"Message",Normal,"-----------------------------------------------------------------------------"
"Message",Normal,"launch  |  start   |   stop   |   end    | duration | lifetime | [slot] name"
"Message",Normal,"-----------------------------------------------------------------------------"
"Message",Normal,"       0 |        0 |     1297 |     1297 |     1297 |     1297 | [0] makepri dump"
"Message",Normal,"Number of commands:      1"
"Message",Normal,"Total system time:       1297 ms"
"Message",Normal,"System time per command: 1297 ms"
"Message",Normal,"Total duration:          1297 ms"
"Message",Normal,"Total lifetime:          1297 ms"
"Message",Normal,"Requested DOP:           4"
"Message",Normal,"Duration DOP:            1.0"
"Message",Normal,"Lifetime DOP:            1.0"
"Message",Low,"Done executing task ""StartProcessTask""."
"Message",Low,"Using ""GetPriTargetVersionAndLanguageTask"" task from assembly ""Microsoft.Build.ILTasks""."
"Message",Low,"Task ""GetPriTargetVersionAndLanguageTask"""
"Message",Low,"Done executing task ""GetPriTargetVersionAndLanguageTask""."
"Message",Low,"Task ""StartProcessTask"""
"Message",Normal,"Launching 'C:\Program Files (x86)\Windows Kits\10\bin\x64\MakePri.exe createconfig /o /cf ""C:\Users\Kuba\documents\visual studio 2015\Projects\Wp_World\Wp_World\obj\x64\Debug\ilc\intermediate\GeneratedPriConif.xml"" /pv ""10.0.0"" /dq ""en""'"
"Message",Low,"W r i t i n g   P R I   c o n f i g   f i l e   t o   C : \ U s e r s \ K u b a \ d o c u m e n t s \ v i s u a l   s t u d i o   2 0 1 5 \ P r o j e c t s \ W p _ W o r l d \ W p _ W o r l d \ o b j \ x 6 4 \ D e b u g \ i l c \ i n t e r m e d i a t e \ G e n e r a t e d P r i C o n i f . x m l   . . . "
"Message",Low," "
"Message",Low," S u c c e s s f u l l y   C o m p l e t e d "
"Message",Low," "
"Message",Low," "
"Message",Normal,"'C:\Program Files (x86)\Windows Kits\10\bin\x64\MakePri.exe createconfig /o /cf ""C:\Users\Kuba\documents\visual studio 2015\Projects\Wp_World\Wp_World\obj\x64\Debug\ilc\intermediate\GeneratedPriConif.xml"" /pv ""10.0.0"" /dq ""en""' completed."
"Message",Normal,"Process execution statistics (all times in milliseconds)"
"Message",Normal,"-----------------------------------------------------------------------------"
"Message",Normal,"launch  |  start   |   stop   |   end    | duration | lifetime | [slot] name"
"Message",Normal,"-----------------------------------------------------------------------------"
"Message",Normal,"       0 |       16 |       47 |       47 |       31 |       47 | [0] makepri createconfig"
"Message",Normal,"Number of commands:      1"
"Message",Normal,"Total system time:       47 ms"
"Message",Normal,"System time per command: 47 ms"
"Message",Normal,"Total duration:          31 ms"
"Message",Normal,"Total lifetime:          47 ms"
"Message",Normal,"Requested DOP:           4"
"Message",Normal,"Duration DOP:            0.7"
"Message",Normal,"Lifetime DOP:            1.0"
"Message",Low,"Done executing task ""StartProcessTask""."
"Message",Low,"Task ""WriteLinesToFile"""
"Message",Low,"Done executing task ""WriteLinesToFile""."
"Message",Low,"Task ""WriteLinesToFile"""
"Message",Low,"Done executing task ""WriteLinesToFile""."
"Message",Low,"Using ""ModifyPriConfigFile"" task from assembly ""Microsoft.Build.ILTasks""."
"Message",Low,"Task ""ModifyPriConfigFile"""
"Message",Low,"Done executing task ""ModifyPriConfigFile""."
"Message",Low,"Task ""StartProcessTask"""
"Message",Normal,"Launching 'C:\Program Files (x86)\Windows Kits\10\bin\x64\MakePri.exe versioned /pr ""C:\Users\Kuba\documents\visual studio 2015\Projects\Wp_World\Wp_World"" /cf ""C:\Users\Kuba\documents\visual studio 2015\Projects\Wp_World\Wp_World\obj\x64\Debug\ilc\intermediate\PriConfig.xml""  /of ""C:\Users\Kuba\documents\visual studio 2015\Projects\Wp_World\Wp_World\obj\x64\Debug\ilc\intermediate\resources.pri"" /o  /if ""C:\Users\Kuba\documents\visual studio 2015\Projects\Wp_World\Wp_World\obj\x64\Debug\ilc\in\resources.pri""'"
"Message",Low,"I n d e x   P a s s   C o m p l e t e d :   C : \ U s e r s \ K u b a \ d o c u m e n t s \ v i s u a l   s t u d i o   2 0 1 5 \ P r o j e c t s \ W p _ W o r l d \ W p _ W o r l d \ o b j \ x 6 4 \ D e b u g \ i l c \ i n t e r m e d i a t e \ f i l e l i s t . r e s f i l e s "
"Message",Low," "
"Message",Low," A l t e r n a t e F o r m   Q u a l i f i e r s :   U N P L A T E D "
"Message",Low," "
"Message",Low," S c a l e   Q u a l i f i e r s :   2 0 0 "
"Message",Low," "
"Message",Low," T a r g e t S i z e   Q u a l i f i e r s :   2 4 "
"Message",Low," "
"Message",Low," "
"Message",Low," "
"Message",Low," I n d e x   P a s s   C o m p l e t e d :   C : \ U s e r s \ K u b a \ d o c u m e n t s \ v i s u a l   s t u d i o   2 0 1 5 \ P r o j e c t s \ W p _ W o r l d \ W p _ W o r l d \ o b j \ x 6 4 \ D e b u g \ i l c \ i n t e r m e d i a t e \ R e s W f i l e l i s t . r e s f i l e s "
"Message",Low," "
"Message",Low," "
"Message",Low," "
"Message",Low," F i n i s h e d   b u i l d i n g "
"Message",Low," "
"Message",Low," V e r s i o n :   1 . 1 "
"Message",Low," "
"Message",Low," R e s o u r c e   M a p   N a m e :   a 1 f 4 5 1 6 6 - d 0 b 6 - 4 b 0 5 - a 0 3 f - f 1 2 0 c 5 a a 4 6 c a "
"Message",Low," "
"Message",Low," N a m e d   R e s o u r c e s :   6 4 1 2 "
"Message",Low," "
"Message",Low," R e s o u r c e   C a n d i d a t e s :   6 4 1 3 "
"Message",Low," "
"Message",Low," S u c c e s s f u l l y   C o m p l e t e d "
"Message",Low," "
"Message",Low," "
"Message",Normal,"'C:\Program Files (x86)\Windows Kits\10\bin\x64\MakePri.exe versioned /pr ""C:\Users\Kuba\documents\visual studio 2015\Projects\Wp_World\Wp_World"" /cf ""C:\Users\Kuba\documents\visual studio 2015\Projects\Wp_World\Wp_World\obj\x64\Debug\ilc\intermediate\PriConfig.xml""  /of ""C:\Users\Kuba\documents\visual studio 2015\Projects\Wp_World\Wp_World\obj\x64\Debug\ilc\intermediate\resources.pri"" /o  /if ""C:\Users\Kuba\documents\visual studio 2015\Projects\Wp_World\Wp_World\obj\x64\Debug\ilc\in\resources.pri""' completed."
"Message",Normal,"Process execution statistics (all times in milliseconds)"
"Message",Normal,"-----------------------------------------------------------------------------"
"Message",Normal,"launch  |  start   |   stop   |   end    | duration | lifetime | [slot] name"
"Message",Normal,"-----------------------------------------------------------------------------"
"Message",Normal,"       0 |        0 |     2218 |     2218 |     2218 |     2218 | [0] makepri versioned"
"Message",Normal,"Number of commands:      1"
"Message",Normal,"Total system time:       2218 ms"
"Message",Normal,"System time per command: 2218 ms"
"Message",Normal,"Total duration:          2218 ms"
"Message",Normal,"Total lifetime:          2218 ms"
"Message",Normal,"Requested DOP:           4"
"Message",Normal,"Duration DOP:            1.0"
"Message",Normal,"Lifetime DOP:            1.0"
"Message",Low,"Done executing task ""StartProcessTask""."
"Message",Low,"Task ""AddToNativePackageTask"""
"Message",Low,"Done executing task ""AddToNativePackageTask""."
"Message",Low,"Done building target ""MergeFrameworkReswFilesWithTheAppPriFile"" in project ""Unnamed_1""."
"Message",Low,"Target ""CopyPackageResourceFileInRetailBuild"" skipped, due to false condition; ('@(AppResources)' != '' And '$(UseResKeysInsteadOfResStrings)'=='true') was evaluated as ('C:\Users\Kuba\documents\visual studio 2015\Projects\Wp_World\Wp_World\obj\x64\Debug\ilc\in\resources.pri' != '' And 'false'=='true')."
"Message",Low,"Target ""Build"" in file ""C:\Program Files (x86)\MSBuild\Microsoft\.NetNative\x64\ilc\IlcInternals.targets"" from project ""C:\Users\Kuba\documents\visual studio 2015\Projects\Wp_World\Wp_World\Unnamed_1"" (entry point):"
"Message",Low,"Done building target ""Build"" in project ""Unnamed_1""."
"Message",Low,"Done building project ""Unnamed_1""."
"Message",Low,"Build succeeded."
